,title,price,location
0,Microsoft Surface Pro 5 LTE | i5-7300u | 256GB SSD 8GB RAM | KEYBOARD OPTIONAL,$449.99 to $649.99,"<span class=""s-item__location s-item__itemLocation"">from United States</span>"
1,Dell Laptop Latitude Intel i5 16GB RAM 1TB HDD WIFI HDMI Windows 10 Pro PC,$209.95 to $429.95,"<span class=""s-item__location s-item__itemLocation"">from United States</span>"
2,"Dell Chromebook 11 3189 11.6"" 2in1 Touchscreen Intel 1.6GHz 4GB 32GB SSD Laptop",$59.00,"<span class=""s-item__location s-item__itemLocation"">from United States</span>"
3,"HP Chromebook 14-SMB 14"" Laptop Intel Celeron 2GB RAM 16GB eMMC",$47.98,"<span class=""s-item__location s-item__itemLocation"">from United States</span>"
4,"Lenovo Legion 5 17.3"" 144Hz Gaming Laptop R5-5600H 16GB RAM 1TB SSD RTX 3060",$999.99,"<span class=""s-item__location s-item__itemLocation"">from United States</span>"
5,"Dell Inspiron 13 5310 Laptop 13.3"" FHD+ Intel i5-11320H 512GB SSD 16GB Win11",$579.00,"<span class=""s-item__location s-item__itemLocation"">from United States</span>"
6,"HP Laptop ProBook 4430s 14"" Computer Celeron 8GB Ram 1TB Wi-Fi Bluetooth Win 10",$184.99,"<span class=""s-item__location s-item__itemLocation"">from United States</span>"
7,Dell latitude Business Gaming Laptop Intel I5 6th Quad Core 3.0 32GB  2TB SSD,$257.00 to $655.00,"<span class=""s-item__location s-item__itemLocation"">from United States</span>"
8,HP 17.3 inch TOUCHSCREEN 12GB 6-Core AMD Ryzen 5 5500U 1TB HDD Laptop Windows 11,$529.55,"<span class=""s-item__location s-item__itemLocation"">from United States</span>"
9,Lenovo Thinkpad X1 Carbon 6th Gen i5-8350U 16GB Ram 256GB SSD FHD Good Condition,$499.99,"<span class=""s-item__location s-item__itemLocation"">from United States</span>"
10,"ASUS L210 11.6in Ultra thin Laptop (Intel Celeron N4020, 4GB RAM, 64GB Storage)",$139.00,"<span class=""s-item__location s-item__itemLocation"">from United States</span>"
11,"New ListingMicrosoft Surface Go 10.5"" (128GB SSD, Intel Core M3, 1.1GHz, 8GB RAM)",$199.00,"<span class=""s-item__location s-item__itemLocation"">from United States</span>"
12,HP 14 Series Touchscreen Laptop Intel Celeron N4020 4GB RAM 64GB eMMC Snow White,$249.99,"<span class=""s-item__location s-item__itemLocation"">from United States</span>"
13,"HP Chromebook 14 Laptop Computer 14"" Intel Celeron 16GB SSD WiFi HDMI Webcam",$89.99,"<span class=""s-item__location s-item__itemLocation"">from United States</span>"
14,"Dell Laptop Computer Latitude 3330 13.3"" PC Windows 10 Intel 4GB Ram 320GB HDMI",$154.99,"<span class=""s-item__location s-item__itemLocation"">from United States</span>"
15,"Dell Latitude E6400 Laptop 14"" Intel Core2Duo 2.26GHz 2GB RAM 160GB Windows 7",$89.95,"<span class=""s-item__location s-item__itemLocation"">from United States</span>"
16,"Dell Gaming laptop Intel E6530 i7 3720QM 8G 256GB SSD HDD 15.6"" FHD Win 10 PRO",$259.99,"<span class=""s-item__location s-item__itemLocation"">from United States</span>"
17,New Listinghp spectre 13,$229.00,"<span class=""s-item__location s-item__itemLocation"">from United States</span>"
18,New ListingDELL LATITUDE E5470 i5-6300 2.4GHz 8GB RAM 2133Mhz 500GB HDD WIN 10 Pro (490),$175.00,"<span class=""s-item__location s-item__itemLocation"">from United States</span>"
19,New ListingDell Latitude 5290 2-in-1 CORE I5-8350U 1.70GHz 8gb RAM 256G SSD Win10p Touch,$220.00,"<span class=""s-item__location s-item__itemLocation"">from United States</span>"
20,New ListingASUS Zenbook UX533FD i7-8565U 1.80ghz 16gb RAM 1TB SSD GTX1050MaxQ UHD620,$240.00,"<span class=""s-item__location s-item__itemLocation"">from United States</span>"
21,LOADED Panasonic Toughbook CF-31 i5 2.4ghz 8GB 120GB SSD Touch Rugged Windows 11,$329.99,"<span class=""s-item__location s-item__itemLocation"">from United States</span>"
22,New ListingLenovo ThinkPad T540p Intel Core i7-4600 2.9GHz 16GB RAM 256GB SSD Win 10 Pro,$289.97,"<span class=""s-item__location s-item__itemLocation"">from United States</span>"
23,MSI Crosshair 15 15.6 144Hz Gaming Core i7-11800H 16GB RAM 1TB SSD RTX 3060 6GB,"$1,099.99","<span class=""s-item__location s-item__itemLocation"">from United States</span>"
24,"New ListingAcer Aspire E5-575 Laptop 15.6"" Core i3-7100U 4GB RAM 1TB HDD FULL HD Intel UHD",$60.00,"<span class=""s-item__location s-item__itemLocation"">from United States</span>"
25,"Lenovo ThinkPad Laptop Computer 11.6"" 4GB RAM 320GB HDD Windows 10 HDMI Webcam",$104.98,"<span class=""s-item__location s-item__itemLocation"">from United States</span>"
26,"12GB Powerful HP Laptop 17.3"" FHD Intel Core i5-1135G 4.20GHz 1TB HDD Windows 11",$539.24,"<span class=""s-item__location s-item__itemLocation"">from United States</span>"
27,New ListingASUS ZENBOOK 14 Q407I RYZEN 5 4500u NVIDIA MX350 8GB RAM 256 NVME SSD LAPTOP,$199.99,"<span class=""s-item__location s-item__itemLocation"">from United States</span>"
28,NEW Gateway (Acer) 15.6 FHD Intel 128GB SSD 4GB RAM+ Office 365 + Mouse Bundle,$229.99,"<span class=""s-item__location s-item__itemLocation"">from United States</span>"
29,Lenovo T460 - Core i5 @ 2.4GHz - 8GB RAM - 256GB SSD - Webcam - Windows 10 Pro,$240.00,"<span class=""s-item__location s-item__itemLocation"">from United States</span>"
30,"Microsoft Surface Pro 4 1724, Intel Core i5, 8GB RAM, 250GB SSD",$299.99,"<span class=""s-item__location s-item__itemLocation"">from United States</span>"
31,Dell Latitude E5470 i5-6300U 2.40GHz 256GB M.2 8GB RAM 1600x900 Win 10 (Z3E2),$208.95,"<span class=""s-item__location s-item__itemLocation"">from United States</span>"
32,"Lenovo ThinkPad X230 i3-3110M 2 x 2, 4 GHz 4 GB 320 GB UMTS Cam Win10Pro B-stock",$160.03,"<span class=""s-item__location s-item__itemLocation""><span class=""ITALIC"">from Germany</span></span>"
33,"HP 15.6"" HD Laptop 11th Gen Intel Core i3 4.10GHz 8GB 256GB SSD Drive Windows 11",$366.57,"<span class=""s-item__location s-item__itemLocation"">from United States</span>"
34,GPD POCKET UMPC Portable PC X7-Z8750 8GB/128GB SSD WIndows 10 silver,$326.00,"<span class=""s-item__location s-item__itemLocation"">from Japan</span>"
35,"New ListingLenovo ThinkPad P50 15.6"" Intel Core i7-6820HQ 16GB 256GB SSD WINDOWS 10 PRO",$275.00,"<span class=""s-item__location s-item__itemLocation"">from United States</span>"
36,"New ListingSager 17.3"" Gaming Laptop N170RF i7-6700HQ 16GB /256GB m.2 Nvidia GTX 965M 4GB!",$179.00,"<span class=""s-item__location s-item__itemLocation"">from United States</span>"
37,"Chromebook G4 14"" Intel 2.16 GHz 4GB RAM 32GB SSD Webcam HDMI W/ Charger EL1864",$44.99,"<span class=""s-item__location s-item__itemLocation"">from United States</span>"
38,Dell Latitude Laptop Computer Windows 10 Core 2 Duo PC 4GB 250GB HD WiFi DVD,$149.99,"<span class=""s-item__location s-item__itemLocation"">from United States</span>"
39,"Dell Latitude Laptop 14.1"" Core 2 Duo 4GB RAM 160GB HD DVD WIFI Windows 10 PC",$125.00,"<span class=""s-item__location s-item__itemLocation"">from United States</span>"
40,Dell Chromebook 11 3120-4GB RAM-Intel Celeron N2840 2.16GHz-16GB SSD,$43.19,"<span class=""s-item__location s-item__itemLocation""><span class=""ITALIC"">from Canada</span></span>"
41,"New ListingDell Precision 5530, i5-8400H, 15.6"" FHD, 256 SSD, 16GB RAM, Quadro P1000, Win10",$600.00,"<span class=""s-item__location s-item__itemLocation"">from United States</span>"
42,New ListingDell Latitude 5490 | i5-8350U 1.7GHz | 32GB | 512GB M.2 | 14in FHD,$200.00,"<span class=""s-item__location s-item__itemLocation"">from United States</span>"
43,"New ListingLenovo ThinkPad T490 14"" 16GB 512GB SSD Intel Core i7-8665U 1.90GHz Laptop",$202.50,"<span class=""s-item__location s-item__itemLocation"">from United States</span>"
44,"2022 HP 15.6"" FHD Screen Laptop AMD Ryzen 5 5500U,Upto 4.0 GHz,32GB RAM& 1TB SSD",$529.00 to $769.00,"<span class=""s-item__location s-item__itemLocation"">from United States</span>"
45,"New ListingMicrosoft Surface Book 2 13.5"" 2-in-1 Intel i7-8650U 16GB RAM 1TB SSD GTX 1050","$1,300.00","<span class=""s-item__location s-item__itemLocation"">from United States</span>"
46,New ListingDell Rugged E6420 XFR Core i5 @ 2.50GHZ 16GB Ram Win10 Disk included! Touch!,$395.00,"<span class=""s-item__location s-item__itemLocation"">from United States</span>"
47,"New ListingHP Stream 14cb012wm 14"" Laptop Intel Pentium N3060 1.6GHz  4GB RAM 32GB SSD",$119.00,"<span class=""s-item__location s-item__itemLocation"">from United States</span>"
48,Lenovo ThinkPad T470 Core i5 7300U 2.6GHz 8GB RAM 256GB SSD 14'' Win10 Laptop,$67.00,"<span class=""s-item__location s-item__itemLocation"">from United States</span>"
49,"HP 17.3"" Full-HD Intel Core i5-1135G7 4.20GHz 512GB SSD 8GB Windows 11 Laptop PC",$479.71,"<span class=""s-item__location s-item__itemLocation"">from United States</span>"
50,New ListingDell Latitude 7420 14'' (256GB SSD Intel Core i5 11th Gen. 2.6GHz 8GB) Laptop,$625.00,"<span class=""s-item__location s-item__itemLocation"">from United States</span>"
51,"HP Elitebook 8730W Intel Core 2 Extreme Q9300, 8GB, 512GB SSD, Quadro FX 2700M",$300.00,"<span class=""s-item__location s-item__itemLocation"">from United States</span>"
52,New ListingLenovo Ideapad L340 - Gaming Laptop - GTX 1650 - 1TB m.2 ssd - 16GB ram,$420.00,"<span class=""s-item__location s-item__itemLocation"">from United States</span>"
53,"New ListingHP 15-dw2048nr 15.6"" Touch Screen 8GB 1TB Intel Core i3-1005G1 Windows 10 Laptop",$31.00,"<span class=""s-item__location s-item__itemLocation"">from United States</span>"
54,"New ListingDell Latitude 7480 14"" Laptop - i7-6600U, 16GB RAM, 256GB SSD - Windows 10 Pro",$235.00,"<span class=""s-item__location s-item__itemLocation"">from United States</span>"
55,FAST CHEAP LAPTOP INTEL CORE i3 8GB RAM 500GB HDD WINDOWS 10 WEBCAM Wi-Fi,$144.17,"<span class=""s-item__location s-item__itemLocation""><span class=""ITALIC"">from United Kingdom</span></span>"
56,NEW MSI 17.3‚Äù FHD NVIDIA RTX 3060 Intel i7-11800H 1TB SSD 16GB RAM 144Hz Gaming,"$1,399.99","<span class=""s-item__location s-item__itemLocation"">from United States</span>"
57,HP ProBook 4440s PC Laptop intel 4Gb RAM,$85.00,"<span class=""s-item__location s-item__itemLocation"">from United States</span>"
58,New ListingLaptop Dell / 15-inch / Silver / i5 / 1TB HDD / 8GB RAM / Win 10 / WiFi / BT,$19.50,"<span class=""s-item__location s-item__itemLocation"">from United States</span>"
59,HP Pro Book 15.6 450 G8 i3 11th Gen 8GB 250GB SSD Laptop 2020,$425.00,"<span class=""s-item__location s-item__itemLocation"">from United States</span>"
60,"Dell Latitude 3340 Laptop Computer 13.3"" Celeron 4GB 128GB SSD Windows 10 WiFi",$125.98,"<span class=""s-item__location s-item__itemLocation"">from United States</span>"
61,"Lenovo ThinkPad x131e 11.6"" Laptop AMD 1.4GHz 4GB RAM 160GB HDD Windows 10",$98.00,"<span class=""s-item__location s-item__itemLocation"">from United States</span>"
62,"NEW - Lenovo Flex 5 14"" 2-in-1 Touch, i5 11th Gen, 512GB SSD, 12GB RAM - SEALED",$565.50,"<span class=""s-item__location s-item__itemLocation"">from United States</span>"
63,"2022 HP 17.3"" FHD Screen i3-1115G4 ( i5-1035G4),Upto 4.10 GHz,32GB RAM & 1TB SSD",$499.00 to $729.00,"<span class=""s-item__location s-item__itemLocation"">from United States</span>"
64,"New ListingLenovo Thinkpad X1 Carbon 5th Gen (512GB SSD, 16GB, core i7-7600U) Win 10 Pro",$465.00,"<span class=""s-item__location s-item__itemLocation"">from United States</span>"
65,"New ListingLot 10 Of HP Chromebook 11 G4 Intel 11.6"" w/ Adapter Used Working Great!!! READ",$180.00,"<span class=""s-item__location s-item__itemLocation"">from United States</span>"
66,New ListingMicrosoft Surface Pro 6 12.3in Intel Core i5 8GB RAM 128GB SSD 2 in 1 Laptop...,$239.00,"<span class=""s-item__location s-item__itemLocation"">from United States</span>"
67,New Listinghp laptop 15-dy1xxx,$300.00,"<span class=""s-item__location s-item__itemLocation"">from United States</span>"
68,"New ListingDell Latitude 5491 14"" FHD Intel Core i7-8850H 500GB SSD 32GB RAM Win 10 Pro",$579.00,"<span class=""s-item__location s-item__itemLocation"">from United States</span>"
69,New Listing2 Dell Latitudes E6510 & E6410 i5 2.5GHz,$19.99,"<span class=""s-item__location s-item__itemLocation"">from United States</span>"
70,New Listing2018 Huawei Matebook X Pro i7-8550u Nvidia MX150 16gb ram 512gb ssd,$779.84,"<span class=""s-item__location s-item__itemLocation""><span class=""ITALIC"">from Canada</span></span>"
71,New ListingAcer Nitro 5 Gaming Laptop GeForce RTX 1650 Graphics 8GB RAM,$500.00,"<span class=""s-item__location s-item__itemLocation"">from United States</span>"
72,"New ListingOne XPlayer - Intel Iris Xe Graphics I7-1165- G7 @2.80 GHz,   1 TB SSD NVMe","$1,000.00","<span class=""s-item__location s-item__itemLocation"">from United States</span>"
73,New Listing DELL PRECISION 5550 15'' XEON (W)-10855M 2.8GHZ 64GB 512GB SSD TOUCHSCREEN,"$1,190.00","<span class=""s-item__location s-item__itemLocation"">from United States</span>"
74,"HP 17.3"" TOUCHSCREEN LAPTOP INTEL PENTIUM 8GB 512GB SSD DRIVE DVD+RW BACKLIT KB",$503.45 to $513.45,"<span class=""s-item__location s-item__itemLocation"">from United States</span>"
75,"16GB Slim & Powerful 14"" Full-HD Intel Core i5-1135G 512GB SSD Windows 11 Laptop",$432.42 to $437.42,"<span class=""s-item__location s-item__itemLocation"">from United States</span>"
76,New ListingDell Inspiron 15 7000 Gaming Laptop Nvidia GTX 256GB HHD - 8GB Ram,$100.00,"<span class=""s-item__location s-item__itemLocation"">from United States</span>"
77,New ListingHP EliteBook 840 G5 i7-8650U 1.90GHz 8GB 512GB SSD Win10 Touchscreen Laptop PC,$299.99,"<span class=""s-item__location s-item__itemLocation"">from United States</span>"
78,"New ListingHP Pavilion 15-eg0050wm 15.6"" Touch 8GB 512GB SSD Core i5-1135G7 2.4GHz Laptop",$59.00,"<span class=""s-item__location s-item__itemLocation"">from United States</span>"
79,"New ListingASUS TUF 17.3"" Gaming Laptop R5 8GB RAM 512GB SSD MODEL FX705DT-ES53 AMD Ryzen 7",$599.00,"<span class=""s-item__location s-item__itemLocation"">from United States</span>"
80,New Listingdell laptop,$50.00,"<span class=""s-item__location s-item__itemLocation"">from United States</span>"
81,New ListingHP Zbook Firefly 14 G7 --- i5-10310U -- 16GB Ram -- 256GB SSD -- Warranty 2024,$429.99,"<span class=""s-item__location s-item__itemLocation"">from United States</span>"
82,"New ListingLenovo ThinkPad Tablet X1 3rd Gen 13"" IPS QHD i5 1.6GHz 8GB 512GB SSD with pen",$300.00,"<span class=""s-item__location s-item__itemLocation"">from United States</span>"
83,New ListingDELL LATITUDE 6430 i5-3320M @ 2.60GHz üö©8GB RAM+ 500GB üö©WIN10 Pro,$199.00,"<span class=""s-item__location s-item__itemLocation"">from United States</span>"
84,New ListingLenovo ThinkPad P17 (Gen 2) --- i7-11800H -- 64GB Ram -- 2TB SSD -- RTX A2000,"$1,849.99","<span class=""s-item__location s-item__itemLocation"">from United States</span>"
85,Panasonic CF-D1 MK3 Core i5 2.4Ghz 16GB Ram 512GB SSD Xentry Tablet BUILD YOURS,$340.78 to $668.47,"<span class=""s-item__location s-item__itemLocation""><span class=""ITALIC"">from United Kingdom</span></span>"
86,Lenovo Chromebook Laptop Intel 1.60 GHz 4 Memory Bluetooth Webcam HDMI WiFi,$99.99,"<span class=""s-item__location s-item__itemLocation"">from United States</span>"
87,"New ListingDell Latitude E5470 Laptop i5-6300U 2.40GHz 256GB SSD 16GB RAM 14.0""  Win 10 Pro",$200.00,"<span class=""s-item__location s-item__itemLocation"">from United States</span>"
88,CHUWI HeroBook Pro Windows10 Laptop 14.1''1920x1080 8+256G Intel N4020 Computer,$319.99,"<span class=""s-item__location s-item__itemLocation"">from China</span>"
89,"GPD Micro PC Intel Celeron N4100 1.1GHz 8GB RAM 128GB SSD 6"" Backlit Pocket PC",$369.99,"<span class=""s-item__location s-item__itemLocation"">from Japan</span>"
90,"Apple MacBook Pro Core i5 2.3GHz 4GB RAM 320GB HDD 13"" MC700LL/A  - Very Good",$169.97,"<span class=""s-item__location s-item__itemLocation"">from United States</span>"
91,"Dell Latitude Laptop Computer 3150 11.6"" Pentium 4GB Ram 250GB Win 10 WiFi HDMI",$109.99,"<span class=""s-item__location s-item__itemLocation"">from United States</span>"
92,"New ListingDell 11 Chromebook Laptop 11.6"" Intel 2.16 4GB Memory Bluetooth Webcam HDMI Wifi",$124.99,"<span class=""s-item__location s-item__itemLocation"">from United States</span>"
93,"New ListingDell Inspiron 15 3558 15.6in. (1TB, Intel Core i3 5th Gen., 2.1GHz, 6GB)",$60.00,"<span class=""s-item__location s-item__itemLocation"">from United States</span>"
94,"New ListingHP EliteBook 9480m 4th Gen i7-4600U  2.1 to 3.3GHz, 256 SSD, 8 GB memory",$150.00,"<span class=""s-item__location s-item__itemLocation"">from United States</span>"
95,"New ListingDell Precision 7730, Intel Xeon, 32GB, 512 NVMe, NVIDIA P4200, Windows 10 Pro",$799.00,"<span class=""s-item__location s-item__itemLocation"">from United States</span>"
96,"HP EliteBook 840 G2 14"" Core i5-5200U @ 2.20GHz 8GB RAM 128GB SSD",$149.99,"<span class=""s-item__location s-item__itemLocation"">from United States</span>"
97,New ListingNEW DELL Precision 7550 Intel Xeon @ 2.80GHZ üö©32GB RAM+ 512GB SSDüö©WIN10 Pro,"$1,529.00","<span class=""s-item__location s-item__itemLocation"">from United States</span>"
98,"Dell Latitude 3330 Laptop Computer 13.3"" Intel Celeron 4GB Ram 320GB Windows 10",$129.99,"<span class=""s-item__location s-item__itemLocation"">from United States</span>"
99,GPD P2 Max Core m3-8100Y/16GB/512GB Windows 10 Home,$599.00,"<span class=""s-item__location s-item__itemLocation"">from Japan</span>"
100,New ListingHP EliteBook 840 G8 --- i5-1145G7 -- 16GB Ram -- 256GB SSD -- WTY 2024,$749.99,"<span class=""s-item__location s-item__itemLocation"">from United States</span>"
101,"HP EliteBook 840 G2 14"" Core i5-5200U @ 2.20GHz 8GB RAM 256GB SSD",$149.99,"<span class=""s-item__location s-item__itemLocation"">from United States</span>"
102,Dell Latitude 7480 Intel Core i7 3.9GHz - 64GB RAM 2TB SSD Webcam Win10 DVD+RW,"$370.00 to $1,010.00","<span class=""s-item__location s-item__itemLocation"">from United States</span>"
103,New ListingLenovo ThinkPad T14s G2 (Touch) --- i5-1135G7 - 16GB Ram - 512GB SSD - WTY 2024,$949.99,"<span class=""s-item__location s-item__itemLocation"">from United States</span>"
104,New ListingHP EliteBook 840 G3 Intel Core i7-6600U 8GB RAM 500GB SSD Win 10 Pro Has Issues,$274.99,"<span class=""s-item__location s-item__itemLocation"">from United States</span>"
105,New ListingLenovo ThinkPad P14s (Gen 2) --- i7-1165G7 - 16GB Ram - 512GB SSD - Quadro T500,"$1,099.99","<span class=""s-item__location s-item__itemLocation"">from United States</span>"
106,"New ListingHP EliteBook 850 G1 Laptop 15.6"" i5-4210U 8GB RAM 500GB HDD Win 10 Pro & Charger",$195.00,"<span class=""s-item__location s-item__itemLocation"">from United States</span>"
107,"New ListingUsed Lenovo Thinkpad T410, Windows 11 Pro 500GB SATA Hard Drive 8GB RAM  Laptop",$137.00,"<span class=""s-item__location s-item__itemLocation"">from United States</span>"
108,"New ListingDell XPS 13 9370 13"" FHD I5-8350U 1.90GHz 256GB SSD 8GB W11 Proüëì",$499.00,"<span class=""s-item__location s-item__itemLocation"">from United States</span>"
109,"New ListingDell Vostro 5510 15.6"" --- i7-11390H -- 16GB Ram -- 512GB SSD -- IPS 1080p",$849.99,"<span class=""s-item__location s-item__itemLocation"">from United States</span>"
110,"New ListingSilver 15.6"" HP laptop 15-bs031wm used i3-7100U processor 8gb RAM 240GB SSD",$50.00,"<span class=""s-item__location s-item__itemLocation"">from United States</span>"
111,New ListingSamsung Galaxy Book Flex 950QCG-K01 15.6‚Äù (12GB RAM Intel Core I7-1065G7),$98.99,"<span class=""s-item__location s-item__itemLocation"">from United States</span>"
112,"New ListingDell Inspiron 15 3000 3511 15.6"" FHD Laptop i5-1035G1 24GB 256GB",$399.99,"<span class=""s-item__location s-item__itemLocation"">from United States</span>"
113,"New ListingLenovo IdeaPad 3 14IML05 14"" 128GB SSD 2.40GHz 4GB Laptop - excellent condition",$199.00,"<span class=""s-item__location s-item__itemLocation"">from United States</span>"
114,New ListingLenovo ThinkPad T14s G2 --- Ryzen 5 5650U -- 16GB Ram -- 512GB SSD -- WTY 2025,$949.99,"<span class=""s-item__location s-item__itemLocation"">from United States</span>"
115,"New ListingHP EliteBook 840 G3 i7-6600U 2.6-3.4GHz, 16GB M.2 256gb  Excellent!!!",$150.00,"<span class=""s-item__location s-item__itemLocation"">from United States</span>"
116,New ListingLenovo ThinkPad T470s i7-7600u@2.80GHz 16GB RAM 500GB SSD BT BKLIT 1920 WEBCAM,$289.99,"<span class=""s-item__location s-item__itemLocation"">from United States</span>"
117,"HP Elite X2 1013 G3 Tablet With Keyboard (I5-8350U 1.70GHz, 16GB RAM,256GB HDD)",$347.69,"<span class=""s-item__location s-item__itemLocation"">from United States</span>"
118,"New Listing LOT of (2) Microsoft Surface Pro 5 12.3"" 2.50GHz CORE i7 [7660U] 512GB SSD 16GB",$99.00,"<span class=""s-item__location s-item__itemLocation"">from United States</span>"
119,"New ListingAsus TUF FX504G 15.6"" Intel Core i5 8GB RAM 1 TB Gaming Laptop Computer [BS51]",$575.00,"<span class=""s-item__location s-item__itemLocation"">from United States</span>"
120,Panasonic Toughbook CF-C2 MK2 TouchScreen i5-4300U 4GB RAM 128GB SSD Win10 Pro,$237.45,"<span class=""s-item__location s-item__itemLocation"">from United States</span>"
121,"Dell Latitude Rugged 5414 14"" Dual i5-6300U 2.40GHz 256GB SSD 16GB RAM #104155",$320.00,"<span class=""s-item__location s-item__itemLocation"">from United States</span>"
122,Lenovo ThinkPad Laptop Computer PC Core 2 Duo 4GB Ram 250GB Windows 10 WiFi DVD,$129.99,"<span class=""s-item__location s-item__itemLocation"">from United States</span>"
123,"Lenovo Thinkpad T420 14"" Laptop Intel Core i5 4GB 320GB Windows 10",$144.00,"<span class=""s-item__location s-item__itemLocation"">from United States</span>"
124,"New ListingLenovo Thinkpad T470p 14"" - 2.5 i5-7300 8GB 256GB SSD W10 Backlit FHD IPS",$300.00,"<span class=""s-item__location s-item__itemLocation"">from United States</span>"
125,"New ListingLot of 5 Dell Latitude E5440 14"" Laptop 1.9GHz i5-4310U 8GB NO HDD No OS Webcam",$499.99,"<span class=""s-item__location s-item__itemLocation"">from United States</span>"
126,New ListingUsed Lenovo Thinkpad  X140e Windows 11 8GB Memory 120GB SSD Drive  Laptop,$127.00,"<span class=""s-item__location s-item__itemLocation"">from United States</span>"
127,New ListingLenovo Thinkpad E15 (Gen 2)  --- i7-1165G7 -- 32GB Ram -- 1TB SSD -- IPS 1080p,$899.99,"<span class=""s-item__location s-item__itemLocation"">from United States</span>"
128,New ListingLenovo ThinkPad T530 Core i5-3210 2.5GHz 8GB RAM 160GB SSD Windows 11 Webcam,$229.95,"<span class=""s-item__location s-item__itemLocation"">from United States</span>"
129,New ListingLenovo ThinkPad T440 Intel Core i5-4300 1.9GHz 8GB RAM 256GB SSD Win 10 Pro,$149.97,"<span class=""s-item__location s-item__itemLocation"">from United States</span>"
130,"New ListingLot of 3 Lenovo ThinkPad E560 15.6"" Notebooks i5-6200-u 2.4GHz 8GB Ram No HDDs",$199.95,"<span class=""s-item__location s-item__itemLocation"">from United States</span>"
131,"New ListingLenovo ThinkPad T470s 14"" Intel i7-6600U 2.6GHz 16GB DDR4 GC SSD",$100.00,"<span class=""s-item__location s-item__itemLocation"">from United States</span>"
132,New ListingCF-53 - PANASONIC TOUCH  MK4üîπi5-4310M@2.0GHz/8GB/ 256gb ssd 2370 HRS,$400.00,"<span class=""s-item__location s-item__itemLocation"">from United States</span>"
133,"ASUS ZenBook Pro Duo UX581L i7 10750H, 16GB RAM, RTX 2060, 1TB NVME, 4K UHD OLED","$1,549.99","<span class=""s-item__location s-item__itemLocation"">from United States</span>"
134,"Dell Inspiron 15 3511 15.6"" FHD TOUCH i5-1135G7 16GB 1TB HDD i3511-5088BLK-PUS",$524.64,"<span class=""s-item__location s-item__itemLocation"">from United States</span>"
135,HP ELITEBOOK 820 G1 INTEL CORE i5-4300U 1.9GHz 120GB SSD 8GB RAM WIN 10 WEBCAM,$155.00,"<span class=""s-item__location s-item__itemLocation"">from United States</span>"
136,"New ListingDELL LATITUDE 9510 15"" i7-10810U 1.10GHZ 16GB 512GB SSD WARRANTY","$1,399.00","<span class=""s-item__location s-item__itemLocation"">from United States</span>"
137,"LG Gram 15.6"" FHD Ultra Light & Thin Laptop Intel i5-1135G7 16GB RAM 512GB SSD",$838.95,"<span class=""s-item__location s-item__itemLocation"">from United States</span>"
138,"New ListingLenovo T470s Laptop Core i7-7600u 2.80 GHz, 8GB, 512GB SSD Win10 - NICE!",$309.99,"<span class=""s-item__location s-item__itemLocation"">from United States</span>"
139,New ListingSamsung ChromeBook 13.3inch 256GB 8GB Intel i5 Notebook Gray XE930QCA-K02US #75N,$429.95,"<span class=""s-item__location s-item__itemLocation"">from United States</span>"
140,"New Listingüî•üî•HP Laptop 15 -1 TB hd, i7, 8gb Ram *Excellent Condition*üî•üî•TouchScreen",$470.00,"<span class=""s-item__location s-item__itemLocation"">from United States</span>"
141,"New ListingDell Inspiron 15 Gaming 7567 15.6"" FHD I5-7300HQ 8GB 256GB Nvidia GTX 1050 WIN10",$299.99,"<span class=""s-item__location s-item__itemLocation"">from United States</span>"
142,New ListingDell Latitude 6430U i5-3437U 1.90GHz 4GB Webcam HDMI Laptop Notebook PC,$150.00,"<span class=""s-item__location s-item__itemLocation"">from United States</span>"
143,"New ListingDell Latitude E5470 14"" Laptop i5-6300U 8GB  RAM 256GB SSD Window 10 Pro",$155.00,"<span class=""s-item__location s-item__itemLocation"">from United States</span>"
144,New ListingDELL Precision 7530 Intel Xeon -2176M @ 2.70GHZ üö©32GB RAM+ 512GB SSDüö©WIN10 Pro,$989.00,"<span class=""s-item__location s-item__itemLocation"">from United States</span>"
145,FAST Dell Latitude  Laptop Intel 4GB 250GB HDD Win10 Pro,$99.99,"<span class=""s-item__location s-item__itemLocation"">from United States</span>"
146,New ListingDell Latitude 3450 i5 Linux Ubuntu 4GB RAM DDR3 500GB SSD,$150.00,"<span class=""s-item__location s-item__itemLocation"">from United States</span>"
147,"New ListingSamsung Galaxy Book Pro 13.3"" AMOLED (256GB SSD,  i5-1135G7, 8GB) Mystic Blue",$560.00,"<span class=""s-item__location s-item__itemLocation"">from United States</span>"
148,New ListingDell XPS 13 7390 I7 10th Gen 512GB SSD 16GB Fingerprint,$600.00,"<span class=""s-item__location s-item__itemLocation"">from United States</span>"
149,HP Chromebook 14 Laptop Intel 2.16 GHz 4 Memory 16 HD Bluetooth HDMI Webcam WiFi,$149.99,"<span class=""s-item__location s-item__itemLocation"">from United States</span>"
150,"Dell Latitude E7480|""14""|Core i7@2.80 GHz |8GB RAM |256 GB SSD|WIN 10|NVIDIA",$280.00,"<span class=""s-item__location s-item__itemLocation"">from United States</span>"
151,UMPC GPD POCKET X7‚àíZ8750 model portable personal computer SILVER SSD,$317.00,"<span class=""s-item__location s-item__itemLocation"">from Japan</span>"
152,"New ListingDell Latitude 5320 Laptop -13.3"" FHD - I5-1135G7 - 8GB-256GB SSD - W10PRO",$729.00,"<span class=""s-item__location s-item__itemLocation"">from United States</span>"
153,"2021 Dell 14"" HD Laptop Intel i3-1005G1 (>i5-8250U),upto 3.4GHz 16GB RAM&1TB SSD",$399.00 to $609.00,"<span class=""s-item__location s-item__itemLocation"">from United States</span>"
154,New ListingHP Pavilion Notebook PC,$135.75,"<span class=""s-item__location s-item__itemLocation"">from United States</span>"
155,"New ListingDell Latitude E5430-14""-Intel Core i5@2.50 GHz-6GB-320GB-Windows 10 Pro-WebCam",$119.99,"<span class=""s-item__location s-item__itemLocation"">from United States</span>"
156,"New ListingAsus Vivobook Q301L i5-4200U 1.60GHz 6GB RAM 500GB HDD 13.3"" Touch W10H 2014",$199.99,"<span class=""s-item__location s-item__itemLocation"">from United States</span>"
157,New ListingNEW Panasonic Toughbook CF-31 Core i7-5600U 2.6 1TB SSD 16GB RAM WIN 10 Pro!!,"$1,750.00","<span class=""s-item__location s-item__itemLocation"">from United States</span>"
158,CHEAP LAPTOP HP FAST DUAL CORE 4GB RAM 500 GB HDD DVD RW WINDOWS 10,$131.06,"<span class=""s-item__location s-item__itemLocation""><span class=""ITALIC"">from United Kingdom</span></span>"
159,"Samsung Chromebook Laptop 11.6"" Laptop Intel Dual-Core 16GB SSD Wifi Webcam Cool",$79.00,"<span class=""s-item__location s-item__itemLocation"">from United States</span>"
160,"New ListingDell Alienware M17x Original laptop, for parts",$250.00,"<span class=""s-item__location s-item__itemLocation"">from United States</span>"
161,"New ListingLenovo ThinkPad T470 14''(256 GB, Intel Core i5 7th Gen.2.71 GHz, 8 GB)**READ**",$183.51,"<span class=""s-item__location s-item__itemLocation""><span class=""ITALIC"">from United Kingdom</span></span>"
162,"New ListingDell Latitude E7270 12.5"" Touchscreen i5-6300U 2.40GHz 8GB 256GB SSD Win 10 PRO",$249.00,"<span class=""s-item__location s-item__itemLocation"">from United States</span>"
163,"New ListingXiaomi Mi Notebook Air 12.5 inch Laptop, 4 GB, 128 GB, Intel M3 CHINESE + Extras",$299.99,"<span class=""s-item__location s-item__itemLocation"">from United States</span>"
164,"New ListingHP ZBook 17 G5 i7-8850H 32GB RAM 1TB SSD 17.3"" FHD Quadro P4200 W11P 5CD912CJGC",$999.99,"<span class=""s-item__location s-item__itemLocation"">from United States</span>"
165,"New ListingThinkpad X1 Yoga Gen 6, i5-1135, 8G Ram, 256GB SSD, 1920x1200","$1,099.00","<span class=""s-item__location s-item__itemLocation"">from United States</span>"
166,"New ListingDell Latitude E5470 14"" FHD Intel Core i7-6600U 256GB SSD 8GB RAM Win 10 Pro",$329.00,"<span class=""s-item__location s-item__itemLocation"">from United States</span>"
167,New ListingDell Latitude 5580 Intel Core i7-7820U 2.90GHZ  4GB RAM 120GB SSD WINDOWS 11 PRO,$280.00,"<span class=""s-item__location s-item__itemLocation"">from United States</span>"
168,New ListingHP ProBook 650 G2 TOUCHSCREEN Core i7 6600U 2.6GHz 8GB 128GB SSD WIN10 LAPTOP,$199.00,"<span class=""s-item__location s-item__itemLocation"">from United States</span>"
169,New ListingHP Pavilion DV7 Laptop Computer,$10.00,"<span class=""s-item__location s-item__itemLocation"">from United States</span>"
170,"Lenovo N23 Chromebook Laptop 11.6"" Intel 1.6 GHz 4GB Ram Bluetooth WebCam HDMI",$124.99,"<span class=""s-item__location s-item__itemLocation"">from United States</span>"
171,New ListingLenovo ThinkPad E15 15.6in Gen 3 AMD Ryzen 7 4700U 256GB SSD 16GB RAM Win 10 Pro,$699.99,"<span class=""s-item__location s-item__itemLocation"">from United States</span>"
172,New ListingDell Latitude 3450 i3-5005U Linux 8GB DDR3 500GB HDD - New Battery,$150.00,"<span class=""s-item__location s-item__itemLocation"">from United States</span>"
173,"New ListingLenovo ThinkPad X1 Yoga 5th Gen 14"" (512GB SSD,Core i7 10th Gen., 16 GB RAM)","$1,299.00","<span class=""s-item__location s-item__itemLocation"">from United States</span>"
174,"New ListingLenovo ThinkPad T480s 14‚Äù 1.9Ghz i7 8th Gen., 16gb RAM,256GB FD",$449.00,"<span class=""s-item__location s-item__itemLocation"">from United States</span>"
175,"New ListingASUS X205T Win 10 Home 12"" Laptop - Intel Quad Core, 2GB RAM, 32GB SSD, New Batt",$80.00,"<span class=""s-item__location s-item__itemLocation"">from United States</span>"
176,"New ListingDell E6430s 14"" Laptop Intel Core i7, OEM BAT, 8GB RAM - WIN 11 PRO INSTALLED*!",$210.00,"<span class=""s-item__location s-item__itemLocation"">from United States</span>"
177,New ListingDell Latitude E7270 Intel Core i5 2.4GHz 16GB RAM 256GB SSD !READ! LPT-402,$200.00,"<span class=""s-item__location s-item__itemLocation"">from United States</span>"
178,"New ListingAsus TUF Gaming FX505DT Ryzen 5 3550H 8GB RAM 256GB SSD 15.6"" FHD GTX 1650 2020",$599.99,"<span class=""s-item__location s-item__itemLocation"">from United States</span>"
179,New ListingLenovo ThinkPad X1 Carbon 9th Gen 9 14 FHD+ i5-1135G7 8GB 256GB SSD win10P Wty,$988.99,"<span class=""s-item__location s-item__itemLocation"">from United States</span>"
180,Getac Rugged S400G2 i5-3320 2.60GHz 128GB 4GB Windows 10,$175.00,"<span class=""s-item__location s-item__itemLocation"">from United States</span>"
181,Lenovo X260 - Core i5 @  2.4GHz - 8GB RAM - 256GB - Webcam - Windows 10 Pro,$199.00,"<span class=""s-item__location s-item__itemLocation"">from United States</span>"
182,CHEAP LAPTOP HP INTEL DUAL CORE 4GB RAM 120GB SSD WINDOWS 7 WIFI DVD,$111.40,"<span class=""s-item__location s-item__itemLocation""><span class=""ITALIC"">from United Kingdom</span></span>"
183,"DELL LATITUDE Win 10 Pro CORE2 DUO 4GB RAM 500GB HD 15.4"" DVD-RW WIFI Charger",$108.00,"<span class=""s-item__location s-item__itemLocation"">from United States</span>"
184,"New ListingThinkpad X1 Yoga Gen 6, i5-1135, 8G Ram, 256GB SSD, 1920x1200","$1,099.00","<span class=""s-item__location s-item__itemLocation"">from United States</span>"
185,New ListingDell XPS 15.6 Inch Full HD Notebook i7-7700HQ 16GB RAM 256GB SSD GTX 1050 4GB,$399.95,"<span class=""s-item__location s-item__itemLocation"">from United States</span>"
186,"New ListingDell Latitude E5470 14"" FHD Intel Core i7-6600U 256GB SSD 8GB RAM Win 10 Pro",$329.00,"<span class=""s-item__location s-item__itemLocation"">from United States</span>"
187,New ListingDell Latitude 5580 Intel Core i7-7820U 2.90GHZ  4GB RAM 120GB SSD WINDOWS 11 PRO,$280.00,"<span class=""s-item__location s-item__itemLocation"">from United States</span>"
188,New ListingHP ProBook 650 G2 TOUCHSCREEN Core i7 6600U 2.6GHz 8GB 128GB SSD WIN10 LAPTOP,$199.00,"<span class=""s-item__location s-item__itemLocation"">from United States</span>"
189,"Dell Latitude 3580 15"" Intel Core i5-7200U 2.5GHz 4GB RAM / 500GB HDD Win10 Pro",$169.00,"<span class=""s-item__location s-item__itemLocation"">from United States</span>"
190,New ListingHP Pavilion DV7 Laptop Computer,$10.00,"<span class=""s-item__location s-item__itemLocation"">from United States</span>"
191,"NEW in hand - Samsung Galaxy Book2 Pro 360 15.6"" i7-1260P 16GB 1TB Graphite","$1,699.00","<span class=""s-item__location s-item__itemLocation"">from United States</span>"
192,ThinkPad X1 Yoga Gen 6 i7-1165G7 WUXGA ePV Touch 32GB 1TB 5G Premier OS Warranty,"$3,262.08","<span class=""s-item__location s-item__itemLocation""><span class=""ITALIC"">from Australia</span></span>"
193,Dell Latitude E6420 Laptop i5 256G ssd 8G W10P WEB cam Microsoft re-furbisher,$175.99,"<span class=""s-item__location s-item__itemLocation"">from United States</span>"
194,Dell Inspiron N4110 Intel Core i3 500GB HD 8GB of Ram Windows 10,$79.99,"<span class=""s-item__location s-item__itemLocation"">from United States</span>"
195,Dell Laptop Chromebook 11 3189 2 in 1 TouchScreen Intel N3060 32GB 4GB WIFI Good,$84.99,"<span class=""s-item__location s-item__itemLocation"">from United States</span>"
196,New ListingAcer Aspire 15.6in Business LAPTOP Core i7 3.5Ghz 16GB 512GB DVDRW Win 10 Black,$399.00,"<span class=""s-item__location s-item__itemLocation"">from United States</span>"
197,New ListingLenovo ThinkPad E15 15.6in Gen 3 AMD Ryzen 7 4700U 256GB SSD 16GB RAM Win 10 Pro,$699.99,"<span class=""s-item__location s-item__itemLocation"">from United States</span>"
198,"New ListingLenovo ThinkPad X1 Yoga 5th Gen 14"" (512GB SSD,Core i7 10th Gen., 16 GB RAM)","$1,299.00","<span class=""s-item__location s-item__itemLocation"">from United States</span>"
199,"New ListingLenovo ThinkPad T480s 14‚Äù 1.9Ghz i7 8th Gen., 16gb RAM,256GB FD",$449.00,"<span class=""s-item__location s-item__itemLocation"">from United States</span>"
200,"New ListingASUS X205T Win 10 Home 12"" Laptop - Intel Quad Core, 2GB RAM, 32GB SSD, New Batt",$80.00,"<span class=""s-item__location s-item__itemLocation"">from United States</span>"
201,"New ListingDell E6430s 14"" Laptop Intel Core i7, OEM BAT, 8GB RAM - WIN 11 PRO INSTALLED*!",$210.00,"<span class=""s-item__location s-item__itemLocation"">from United States</span>"
202,New ListingDell Latitude E7270 Intel Core i5 2.4GHz 16GB RAM 256GB SSD !READ! LPT-402,$200.00,"<span class=""s-item__location s-item__itemLocation"">from United States</span>"
203,"New ListingAsus TUF Gaming FX505DT Ryzen 5 3550H 8GB RAM 256GB SSD 15.6"" FHD GTX 1650 2020",$599.99,"<span class=""s-item__location s-item__itemLocation"">from United States</span>"
204,HP Zbook 15u G3 | i7 - 6th gen | 120gb - 512gb SSD | 16 - 32gb RAM | USB-C | OS,$391.12 to $527.09,"<span class=""s-item__location s-item__itemLocation""><span class=""ITALIC"">from Canada</span></span>"
205,ASUS ROG G73SW Laptop 17.3 in 2GHz Core i7 16GB Ram  1TB HDD Windows 10,$299.00,"<span class=""s-item__location s-item__itemLocation"">from United States</span>"
206,New ListingLenovo Yoga 11 Chromebook 2-in-1 Tablet Laptop Bluetooth HDMI Webcam Touchscreen,$124.95,"<span class=""s-item__location s-item__itemLocation"">from United States</span>"
207,New ListingLenovo ThinkPad X1 Carbon 9th Gen 9 14 FHD+ i5-1135G7 8GB 256GB SSD win10P Wty,$988.99,"<span class=""s-item__location s-item__itemLocation"">from United States</span>"
208,"HP ProBook 11 G2 11.6"" Laptop w/ Intel Core i3 2.30GHz 8GB RAM 128GB SSD",$69.99,"<span class=""s-item__location s-item__itemLocation"">from United States</span>"
209,Google Pixelbook i7 COA 512GB SSD 16GB RAM Touchscreen Chromebook TAB - Good,$389.99,"<span class=""s-item__location s-item__itemLocation"">from United States</span>"
210,CHEAP FAST Mini Book Atom Laptop 2GB RAM 250GB HDD WINDOWS 7 Webcam Netbook WIFI,$72.08,"<span class=""s-item__location s-item__itemLocation""><span class=""ITALIC"">from United Kingdom</span></span>"
211,Dell Latitude 5290 Tablet/Laptop Black i5-8350U 1.70GHz 8GB DDR3 128GB SSD Fair,$165.00,"<span class=""s-item__location s-item__itemLocation"">from United States</span>"
212,New ListingMSI Creator Z16 Gaming Laptop-  i7/32gb/1TB SSD/ RTX3060 6gb- FACTORY SEALED,"$1,350.00","<span class=""s-item__location s-item__itemLocation"">from United States</span>"
213,"New ListingDell Latitude 7310 13.3"" i7-10610U 1.80GHz 16GB DDR4 250GB SSD Win 10 - MF0583",$99.99,"<span class=""s-item__location s-item__itemLocation"">from United States</span>"
214,HP Pavilion 14-n014nr Notebook Computer 64-Bit AMD 1.5 GHz Quad Core 8GB RAM,$79.99,"<span class=""s-item__location s-item__itemLocation"">from United States</span>"
215,New ListingLenovo ThinkPad P50 15.6 Xeon TOUCHSCREEN 32GB 256GB SSD Win 11 PRO NVIDIA,$429.00,"<span class=""s-item__location s-item__itemLocation"">from United States</span>"
216,New ListingLenovo ThinkPad T14 Gen 1 AMD Ryzen 5 PRO 4650U 16GB DDR4 512GB SSD - MF0575,$99.99,"<span class=""s-item__location s-item__itemLocation"">from United States</span>"
217,New ListingHP ZBOOK 17 G3 QUAD CORE i7 6820HQ 2.7 GHz./16GB RAM/512GB SSD,$359.00,"<span class=""s-item__location s-item__itemLocation"">from United States</span>"
218,"Dell Chromebook 3120 11.6"" Celeron N2840 2.16GHz 4GB RAM 16GB SSD Laptop - Good",$48.99,"<span class=""s-item__location s-item__itemLocation"">from United States</span>"
219,BEST LAPTOP CHEAP FAST INTEL Core i5 8GB RAM 500GB HDD WINDOWS 10 WEBCAM Wi-Fi,$183.49,"<span class=""s-item__location s-item__itemLocation""><span class=""ITALIC"">from United Kingdom</span></span>"
220,New ListingLenovo ThinkPad X1 Carbon (2nd Gen) Laptop Core i7-4600U 2.1 GHz 240GB SSD 8 GB,$225.98,"<span class=""s-item__location s-item__itemLocation"">from United States</span>"
221,"New ListingDell 15 5551, 15.6"" Touchscreen Laptop. (Intel Quad Core, 500 GB, 4 GB). Win 10",$165.00,"<span class=""s-item__location s-item__itemLocation"">from United States</span>"
222,Acer Chromebook Spin 13 Touchscreen Intel i5-8250U 16GB 128GB SSD CP713-1WN-59KY,$299.99,"<span class=""s-item__location s-item__itemLocation"">from United States</span>"
223,"New ListingDell Latitude 5300 13.3"" HD i5-8265U 1.6-3.9GHz 16GB 512GB M.2 SSD Windows 10",$429.95,"<span class=""s-item__location s-item__itemLocation"">from United States</span>"
224,"New ListingLenovo E15 ThinkPad 15.6"" Laptop Intel i3-10110U/256GB SSD/16GB Ram/Win 10 Pro",$749.99,"<span class=""s-item__location s-item__itemLocation"">from United States</span>"
225,"New ListingSamsung 13.3"" Laptop FHD AMOLED i7-1165G7 CPU 16GB RAM 512GB SSD NP930QDB-KE1US",$799.95,"<span class=""s-item__location s-item__itemLocation"">from United States</span>"
226,"Samsung Galaxy Book Pro 360 15.6"", i7-1165G7, 2.80GHz, 16GB RAM, 1TB SSD, WIN 11",$999.99,"<span class=""s-item__location s-item__itemLocation"">from United States</span>"
227,"New ListingNEW Lenovo Legion 7 16"" WQXGA 5800H 32GB 1TB + 1TB SSD RTX 3070 WARRANTY","$2,199.99","<span class=""s-item__location s-item__itemLocation"">from United States</span>"
228,"New ListingDell E6430s 14"" Laptop Intel Core i7 UPGR DVD/RW 8GB RAM - WIN11 PRO INSTALLED*!",$240.00,"<span class=""s-item__location s-item__itemLocation"">from United States</span>"
229,New ListingDell Latitude 3450 i5-5200U Linux 8GB DDR3 500GB HDD - New Battery,$175.00,"<span class=""s-item__location s-item__itemLocation"">from United States</span>"
230,"Lenovo ThinkPad Intel Core i5 16GB RAM 14"" Laptop 1TB SSD Win10 WEBCAM",$269.99,"<span class=""s-item__location s-item__itemLocation"">from United States</span>"
231,"CLEAN DELL 5490  I5 8350U 1.7G,8G,256G  AND PC GAME",$220.00,"<span class=""s-item__location s-item__itemLocation"">from United States</span>"
232,New ListingDELL LATITUDE E5470 i5-6300 2.4GHz 8GB RAM 2133Mhz 500GB HDD WIN 10 Pro (522),$175.00,"<span class=""s-item__location s-item__itemLocation"">from United States</span>"
233,New ListingHP Pavilion X360 14 inch i3 8th Gen/TESTED&WORKING (Please Read Desc & See Pics),$150.00,"<span class=""s-item__location s-item__itemLocation"">from United States</span>"
234,"NEW Samsung Galaxy Book Pro 360 13.3"" FHD Touch Laptop i7-1165G7 8GB 256GB",$749.98,"<span class=""s-item__location s-item__itemLocation"">from United States</span>"
235,New ListingRetro Dell Latitude D810 Laptop 256MB Ram 40GB HD Win XP Notebook Computer,$87.50,"<span class=""s-item__location s-item__itemLocation"">from United States</span>"
236,dell inspiron 17 7000 2 in 1 - Used Laptop - Touch Screen - Intel i7,$302.00,"<span class=""s-item__location s-item__itemLocation"">from United States</span>"
237,New ListingHP ProBook 650 G3 Laptop i5-7200U 8GB RAM 500GB HD Windows 10 Pro #2,$174.95,"<span class=""s-item__location s-item__itemLocation"">from United States</span>"
238,New ListingMicrosoft Surface Laptop Go Intel Core i5-1035G1 4GB DDR4 64GB SSD  - MF0582,$399.99,"<span class=""s-item__location s-item__itemLocation"">from United States</span>"
239,"New ListingMicrosoft Surface Go 10.5"" (128GB SSD, Intel Core M3, 1.1GHz, 8GB RAM)",$199.00,"<span class=""s-item__location s-item__itemLocation"">from United States</span>"
