title,price,location
CHUWI 11.6'' Laptop Computer PC Windows 10 Home PC 2.8GHz 4GB 128GB HD WIFI,$179.99,from United States
Dell Laptop Latitude Intel i5 16GB RAM 1TB HDD WIFI HDMI Windows 10 Pro PC,$209.95 to $429.95,from United States
"HP Chromebook 14-SMB 14"" Laptop Intel Celeron 2GB RAM 16GB eMMC",$47.98,from United States
"HP ProBook 4430s 14"" Laptop Computer PC Celeron 8GB Ram 500GB HD WiFi Windows 10",$159.99,from United States
"Lenovo Legion 5 17.3"" 144Hz Gaming Laptop R5-5600H 16GB RAM 1TB SSD RTX 3060",$999.99,from United States
"Dell Chromebook 11 3189 11.6"" 2in1 Touchscreen Intel 1.6GHz 4GB 32GB SSD Laptop",$59.00,from United States
"Dell Inspiron 13 5310 Laptop 13.3"" FHD+ Intel i5-11320H 512GB SSD 16GB Win11",$579.00,from United States
Dell latitude Business Gaming Laptop Intel I5 6th Quad Core 3.0 32GB  2TB SSD,$257.00 to $630.00,from United States
"New ListingLenovo ThinkPad T520, i5-2520 @ 2.5GHz, 8GB ram, 320GB HD, Win10 Pro (4-5-1)",$16.50,from United States
2021 HP Chromebook 14 Laptop (Intel N4000/4GB RAM/32GB/slim bezel/light weight),$99.99,from United States
HP 17.3 inch TOUCHSCREEN 12GB 6-Core AMD Ryzen 5 5500U 1TB HDD Laptop Windows 11,$529.49,from United States
Lenovo Thinkpad X1 Carbon 6th Gen i5-8350U 16GB Ram 256GB SSD FHD Good Condition,$499.99,from United States
"HP Laptop ProBook 4430s 14"" Computer Celeron 8GB Ram 1TB Wi-Fi Bluetooth Win 10",$184.99,from United States
"HP Laptop ProBook 4430s 14"" Computer Celeron 4GB Ram 500GB WiFi HDMI Windows 10",$149.99,from United States
"ASUS L210 11.6in Ultra thin Laptop (Intel Celeron N4020, 4GB RAM, 64GB Storage)",$139.00,from United States
"HP Chromebook 14 Laptop Computer 14"" Intel Celeron 16GB SSD WiFi HDMI Webcam",$89.99,from United States
"New ListingDell Inspiron 5570 Intel Core i5-8250U 1.60GHz, 12GB RAM, 250GB SSD Laptop",$96.00,from United States
MSI GF65 Thin 15.6 144Hz Gaming Laptop Intel Core i5 16GB RAM 512GB SSD RTX 3060,$789.99,from United States
"New ListingHP Envy 17, i7-7500U @ 2.9GHz, 8GB ram, 1TB HD, Win10 Pro (4-5-10)",$15.50,from United States
"Dell Gaming laptop Intel E6530 i7 3720QM 8G 256GB SSD HDD 15.6"" FHD Win 10 PRO",$259.99,from United States
HP 14 Series Touchscreen Laptop Intel Celeron N4020 4GB RAM 64GB eMMC Snow White,$249.99,from United States
New ListingDell Precision 7520 2.70GHz i7 6820HQ 32GB 256 M.2 + 960SSD Win10 UTS0093847,$300.00,from United States
New ListingDell XPS 13 7390 - Intel i7-8565U 1.80GHZ - 1TB NVMe - 16GB RAM - Windows 11 Pro,$9.50,from United States
"New ListingDell Latitude E7440 14"" i7, 2.1GHz, 16GB RAM 1TB SSD Laptop",$450.00,from United States
"New ListingAsus VivoBook X510UAR 15.6"" Intel Core i5-8250U 1.8GHz 8GB RAM 1TB HDD W10H",$340.00,from United States
"Lenovo ThinkPad X230 i3-3110M 2 x 2, 4 GHz 4 GB 320 GB UMTS Cam Win10Pro B-stock",$158.61,from Germany
MSI Crosshair 15 15.6 144Hz Gaming Core i7-11800H 16GB RAM 1TB SSD RTX 3060 6GB,"$1,099.99",from United States
"New ListingLenovo ThinkPad W520, i7-2720QM @ 2.2GHz, 8GB ram, 500GB HD, Win10 Pro (4-5-11)",$6.50,from United States
"Dell Laptop Computer Latitude 3330 13.3"" PC Windows 10 Intel 4GB Ram 320GB HDMI",$154.99,from United States
"Dell Latitude E6400 Laptop 14"" Intel Core2Duo 2.26GHz 2GB RAM 160GB Windows 7",$89.95,from United States
NEW Gateway (Acer) 15.6 FHD Intel 128GB SSD 4GB RAM+ Office 365 + Mouse Bundle,$229.99,from United States
New ListingDell Latitude E7470 Intel core i5-6300u 2.40GHz 16/8GB RAM 256GB SSD W/ Wind 10,$199.00 to $299.00,from United States
"New ListingMicrosoft Surface Pro 4 12.3"" Intel Core i5-6300U 2.5GHz 8GB RAM 256GB SSD W10P",$260.00,from United States
"Chromebook G4 14"" Intel 2.16 GHz 4GB RAM 32GB SSD Webcam HDMI W/ Charger EL1864",$44.99,from United States
"Dell Latitude E5450 14"" Laptop Core i5-5300U 2.3GHz 8GB RAM 128GB SSD Win 10 Pro",$129.99,from United States
New ListingHP 15-ba009dx AMD A6-7310 4gb RAM 500gb HDD Windows 10 Laptop Black,$112.00,from United States
"New Listing15.6"" Dell Precision 7510 i7-6820HQ 2.70GHZ 16GB 512GB SSD Windows 10 Notebook",$8.50,from United States
Dell Chromebook 11 3120-4GB RAM-Intel Celeron N2840 2.16GHz-16GB SSD,$48.16,from Canada
"Dell Latitude Laptop 14.1"" Core 2 Duo 4GB RAM 160GB HD DVD WIFI Windows 10 PC",$125.00,from United States
"Lenovo ThinkPad Laptop Computer 11.6"" 4GB RAM 320GB HDD Windows 10 HDMI Webcam",$104.98,from United States
New ListingHP 4540s ProBook Laptop 15'' Core i5-3230M 8GB RAM DVD 500GB SSD Windows 10 Pro,$139.99,from United States
"New ListingDell Latitude E6420 Core i5-2410M 2.30GHz 4GB RAM 160 hd 14""",$125.00,from United States
"New ListingLenovo IdeaPad Flex 5, 16GB Ram, 512GB SSD, AMD Ryzen 7 CPU,  Win 10 OS",$350.00,from United States
"New ListingDELL G3 15 3590 Gaming Laptop (i5-9300H, Nvidia GTX 1660 Ti) - EXCELLENT",$399.95,from United States
"2022 HP 15.6"" FHD Screen Laptop AMD Ryzen 5 5500U,Upto 4.0 GHz,32GB RAM& 1TB SSD",$529.00 to $709.00,from United States
Dell Latitude 5285 Touchscreen  i7-7600U 2.8GHz - 16GB RAM  512GB SSD (See Note),$235.00,from Canada
"New ListingHP Elite Dragonfly G2 13.3"" (256GB SSD, Intel Core i5 11th Gen, 4.20 GHz, 8GB)",$550.00,from United States
"CHEAP FAST WINDOWS 7 TOSHIBA 10.1"" Intel Atom 2GB RAM 120 GB SSD WEBCAM LAPTOP",$78.77,from United Kingdom
"Laptop DELL computer 14"" 8gb ram and 32gb SSD",$99.00,from United States
"New ListingDell Latitude E7450 14"" (256 GB SSD, Intel Core i7-5600U, 2.60 GHz, 8GB RAM) Lap",$200.00,from United States
"12GB Powerful HP Laptop 17.3"" FHD Intel Core i5-1135G 4.20GHz 1TB HDD Windows 11",$533.27,from United States
New ListingMSI GF63 THIN 9SCX Gaming Laptop i5-9300H GTX 1650 Max-Q 256GB SSD 16GB RAM A++,$259.00,from United States
Laptop Dell Latitude E5570 Intel i5-6300U 2.40GHz 16GB DDR4 512GB SSD M2 W11 Pro,$275.00,from United States
New ListingHP EliteBook 8470P Core i5 3320M 8 GB 1TB (2x 500GB) HDD!,$129.00,from United States
FAST LAPTOP WINDOWS 7 TOSHIBA INTEL Dual Core 4GB RAM 120GB SSD DVD Wireless,$131.29,from United Kingdom
"Dell Latitude e7450 14"" Laptop 8GB 256 M.2 Sata SSD Core i5 5th Gen GRADE B",$185.00,from United States
"New ListingAcer Aspire 3 A315-34 15.6"" Intel Pentium N 4 GB RAM 1 TB Laptop Computer [BY16]",$67.00,from United States
"FAST LAPTOP Toshiba Satellite  15.4"" Dual Core 3GB RAM 120GB SSD Win7 Webcam DVD",$111.60,from United Kingdom
Panasonic CF-D1 MK3 Core i5 2.4Ghz 16GB Ram 512GB SSD Xentry Tablet BUILD YOURS,$341.38 to $669.64,from United Kingdom
New ListingT01-HP PROBOOK 650 G2 I5-6200U 2.3GHZ 8GB 256GB SSD Win 11 1920x1080,$160.00,from United States
FAST CHEAP Wi-Fi WINDOWS 10 LAPTOP INTEL CORE i3/i5 4GB/8GB RAM 320GB/500GB HDD,$118.16 to $170.68,from United Kingdom
"NEW - Lenovo Flex 5 14"" 2-in-1 Touch, i5 11th Gen, 512GB SSD, 12GB RAM - SEALED",$564.99,from United States
"2022 HP 17.3"" FHD Screen i3-1115G4 ( i5-1035G4),Upto 4.10 GHz,32GB RAM & 1TB SSD",$499.00 to $729.00,from United States
"16GB Slim & Powerful 14"" Full-HD Intel Core i5-1135G 512GB SSD Windows 11 Laptop",$432.42 to $437.42,from United States
"New ListingNEW HP OMEN 16-c0002dx 16.1"" Laptop Ryzen 7 16GB RX 6600M 1TB SSD Notebook PC","$1,500.00",from United States
"New ListingHP Elitebook X360 13.3"" Intel Core i7 8 GB RAM 512 GB Laptop Computer [BY51]",$57.00,from United States
"New ListingLenovo IdeaPad 5 15.6"" Touchscreen Laptop -10th Gen Intel Core i7-1065G7-GeForce",$300.00,from United States
New ListingDell Latitude 5580 Laptop i7-7820HQ 2.90GHz 512GB SSD 16GB RAM Touchscreen,$74.99,from United States
"New ListingHP 17-CA0006CA 17"" AMD Ryzen 3 8 GB RAM 1 TB Laptop Computer [BY15]",$78.00,from United States
"New ListingDell Latitude E5540 15.6"" i3-4030u-1.9GHz 8GB 180GB SSD Web Cam WiFi W10 & Cord",$80.00,from United States
"New ListingDell inspiron 17 7000 2 in 1 Intel Core i7 8th Gen, 16GB DDR4 RAM 500GB Nvidia",$162.50,from United States
Dell Inspiron 5559 core i3 8GB 240GB,$50.00,from United States
"New ListingHP 15-au010wm Pavilion 15.6"" Business Laptop Intel Dual-Core i7-6500U 12GB 1TB",$88.00,from United States
"HP ProBook 6565b Laptop Computer 15.6"" AMD 4GB RAM 320GB HDD WiFi Windows 10",$125.98,from United States
CHUWI HeroBook Pro Windows10 Laptop 14.1''1920x1080 8+256G Intel N4020 Computer,$319.99,from China
"Dell G3 3579 i5-8300H 4.00GHz 8GB RAM 1TB HDD 15.6"" FHD GTX 1050 Ti 2019 W11H",$385.00,from United States
New ListingDell Precision M4600 15.6''  Core i7-2860QM 2.50GHz 8GB 256GB SSD  WiFi W10 Cord,$120.00,from United States
New ListingDell Inspiron 7506 2-in-1 4K w/ Pen Core i7-1165G7 2.8GHz 16GB 1TB SSD Iris Xe,$118.50,from United States
New ListingLenovo ThinkPad W541 FHD - i7 2.8GHz -32GB- 250GB SSD / 500GB HDD - NVidia Quad,$75.00,from United States
CHUWI 14'' Dual Core Laptop PC 2.8Ghz Intel N4020 8+128/256G Windows 10 Notebook,$189.99 to $284.99,from United States
"New ListingMicrosoft Surface Laptop 3 13.5"" (128GB SSD, Intel Core i5 10th Gen., 3.70 GHz,",$200.00,from United States
"New ListingMicrosoft Surface Pro 7 12.3"" 128GB Intel Core i5 10th Gen 8GB RAM Laptop ...",$369.00,from United States
"New ListingAsus X415J 14"" Intel Core i3 8 GB RAM 256 GB Laptop Computer [BY23]",$28.00,from United States
New ListingDELL LATITUDE E7470 I7-6600U 2.6Ghz 8GB  256GB SSD Web Cam Touch W10 &  Cord,$74.99,from United States
"New ListingDell Inspiron 15 15.6'' (1TB HDD, Intel Core i7-1165G7, 4.7GHz, 16GB RAM) Laptop",$381.00,from United States
"New ListingAsus Vivobook X540U 15.6"" Intel Core i3 8 GB RAM 256 GB Laptop Computer [BY2]",$16.50,from United States
HP 15-dy2024nr i5-1135G7 8GB RAM 256GB SSD Windows 11 Laptop Notebook Beautiful,$400.00,from United States
"New ListingAsus X543M 15.6"" Intel Celeron N 4 GB RAM 1 TB Laptop Computer [BY6]",$12.50,from United States
"Apple MacBook Pro Core i5 2.3GHz 4GB RAM 320GB HDD 13"" MC700LL/A  - Very Good",$169.97,from United States
"Dell Latitude E7480|""14""|Core i7@2.80 GHz |8GB RAM |256 GB SSD|WIN 10|NVIDIA",$280.00,from United States
"Dell Latitude 15.6"" E5580 Laptop Intel Core i5 3.50GHz 64GB RAM 2TB SSD Webcam",$340.00 to $920.00,from United States
"Dell Latitude 3330 Laptop Computer 13.3"" Intel Celeron 4GB Ram 320GB Windows 10",$129.99,from United States
"New ListingAsus Chromebook C423N 14"" Intel Celeron N 4 GB RAM 32 GB Laptop Computer [BY53]",$10.50,from United States
Razor Blade Stealth i7- 8550u touch screen- 16gb,$300.00,from United States
"New ListingTouchSmart Envy HP Laptop 15"" i17 w/Touchscreen",$81.00,from United States
hp laptop 14 cm0045nr,$100.00,from United States
"New ListingHP Spectre X360 13.3"" Intel Core i5 8 GB RAM 256 GB Laptop Computer [BY22]",$51.00,from United States
New ListingThinkPad X1 Carbon 6th gen 16GB/1TB AS IS (display error),$200.00,from United States
GPD P2 Max Core m3-8100Y/16GB/512GB Windows 10 Home,$599.00,from Japan
"Dell Latitude E5430-14""-Intel Core i5@2.50 GHz-6GB-320GB-Windows 10 Pro-WebCam",$119.99,from United States
Touchscreen Windows 11 Laptop - Dell 7390 / Intel i7-8650U / 16 GB / 256GB,$299.00,from United States
New ListingLot of (3) Dell Latitude E7470 Laptops 2.40GHz Core i7-6600U PARTS OR REPAIR,$199.99,from United States
"Lenovo IdeaPad 3 15ITL6 15.6"" 256GB SSD 12GB  Touch Screen Laptop",$31.00,from United States
"New Listing15.6"" Dell Latitude 5590 i5-8350U 1.70GHZ 256GB SSD 8GB Laptop Windows 10 Pro",$0.99,from United States
"HP 17-BY4013DX 17.3"" (256GB SSD, Intel Core i3-1115G4, 2.30GHz, 8GB RAM) Laptop",$280.00,from United States
"New ListingHP ProBook 450 G2 - J5P14UT#ABA, 15.6"", Core i5 1.7 GHz, 500 GB HDD - 8 GB Ram",$50.00,from United States
"New ListingHP 15.6 ""inch"" (256GB, Intel Core i3-10th Gen., 3,40GHz, 8GB) Laptop - Silver -",$210.00,from United States
"New ListingMicrosoft Surface Laptop (i7-7660U, 8GB RAM, 256GB SSD, W10 PRO 21H1)",$319.99,from United States
Lenovo Chromebook Laptop Intel 1.60 GHz 4 Memory Bluetooth Webcam HDMI WiFi,$99.99,from United States
New ListingSamsung Notebook Series 9 NP900X4B Intel I5 8GB Ram,$175.00,from United States
"New ListingHP PROBOOK 450 G7 i5-10210U 1.60GHZ 8GB 256GB SSD 15.6""FHD UHD620 W10P",$250.00,from United States
"New ListingLenovo Flex 4 14''( 500HDD, Intel Pentium Dual Core 2.1GHz, 4GB DDR4, Windows...",$229.00,from United States
"New Listing15.6"" Dell Latitude 5580 i5-6440HQ 2.60GHZ 256GB SSD 8GB Laptop Windows 10 Pro",$0.99,from United States
"New Listing15.6"" Dell Latitude 5580 i5-7440HQ 2.80GHZ 256GB SSD 8GB Laptop Windows 10 Pro",$0.99,from United States
New ListingNEW RAZER BLADE 15 '6 i7-11800H QHD 240Hz 32GB 1TB SSD RTX 3080 WIN 11 RZ09-0409,$178.48,from Canada
"New ListingDell Latitude E6430 14"" Intel Core i5 4 GB RAM 256 GB Laptop Computer [BY17]",$11.50,from United States
"New ListingLenovo ThinkPad X260 12.5"" Intel i5 8 GB RAM 500 GB HDD HDMI WiFi Win 10 Laptop",$100.00,from United States
"New ListingLenovo ThinkPad X260 12.5"" Intel i5 8 GB RAM 500 GB HDD HDMI WiFi Win 10 Laptop",$77.00,from United States
New ListingHP EliteBook 820 G1 Intel Core i5-4300 1.90 GHz 4GB RAM 320GB HD,$150.00,from United States
FAST Dell Latitude  Laptop Intel 4GB 250GB HDD Win10 Pro,$99.99,from United States
Lenovo ThinkPad X280 Laptop i5-8350U 1.7GHz 16GB 256GB SSD win 10P touchscreen,$320.00,from United States
"2021 Dell Inspiron 15.6"" Laptop Intel Celeron N4020,Upto 2.8GHz 16GB RAM&1TB SSD",$359.00 to $579.00,from United States
Dell Latitude 5580 Intel Core i7-7820U 2.90GHZ  4GB RAM 120GB SSD WINDOWS 11 PRO,$280.00,from United States
UMPC GPD POCKET X7‚àíZ8750 model portable personal computer SILVER SSD,$317.00,from Japan
New ListingHP 650 G3 ProBook i5 2.5GHZ 8GB RAM 500GB HDD WiFi+BT   READ,$15.00,from United States
"HP Elite X2 1013 G3 Tablet With Keyboard (I5-8350U 1.70GHz, 16GB RAM,256GB HDD)",$347.69,from United States
New ListingGood Dell E6440 i5-4200M 2.5GHz 4GB 128GB SSD Backlit Keyboard Windows 10,$109.00,from United States
"New ListingHP 250 G6 15.6"" Intel i5 8 GB RAM 240 GB SSD HDMI VGA USB 3.1 WiFi Win 10 Laptop",$239.99,from United States
"New ListingLenovo W520 Laptop Core i7 2820QM, 2.3Ghz, 500Gb HDD 16GB RAM Win 10 Pro 64",$499.99,from United States
"Grade B Dell Chromebook 11 3189 11.6"" 2-in-1 4GB RAM 32GB SSD WiFi Blutth",$85.00,from United States
"New Listingüî•üî•HP Laptop 15 -1 TB hd, i7, 8gb Ram *Excellent Condition*üî•üî•TouchScreen",$465.00,from United States
"Lenovo ThinkPad T560 15.6"" Intel Core i5-6300U 256GB SSD 12GB RAM Win 10 PRO",$285.00,from United States
"New ListingLenovo Ideapad S340 15.6"" Laptop, AMD Ryzen 5 3500U, 128GB SSD",$379.99,from United States
CHEAP LAPTOP HP FAST DUAL CORE 4GB RAM 500 GB HDD DVD RW WINDOWS 10,$131.29,from United Kingdom
"Samsung Chromebook Laptop 11.6"" Laptop Intel Dual-Core 16GB SSD Wifi Webcam Cool",$79.00,from United States
DELL PRECISION 5520 32GB CORE i7-7820HQ NEW 512M.2 NVMe 10/11PRO GRADE B,$540.00,from United States
"New ListingDell XPS 15 9510 Laptop 15.6"" OLED Touch Intel i9-11900H 32GB Memory 1TB SSD","$2,199.00",from United States
"New ListingHP Laptop A6 15-db0015dx | 15"" AMD A6-9225 Radeon R4 2.6GHz 1TB Win 10 RAM 8GB",$224.99,from United States
"New ListingDell Latitude E5470, Intel Core i5-6440 HQ, 8GB RAM, No HDD #2191",$9.99,from United States
"New ListingDell Latitude E6430, INtel Core i7-2540M, 8GB RAM, No HDD #2190",$9.99,from United States
"New ListingHP EliteBook 850 G2 i7-5600U@2.60GHz,8GB RAM,256GB SSD WebCam",$399.99,from United States
"Samsung Galaxy Book Pro 360 15.6"", i7-1165G7, 2.80GHz, 16GB RAM, 1TB SSD, WIN 11",$999.99,from United States
"New ListingDell Latitude E6540, i5-4300M @ 2.6GHz, 8GB ram, 500GB HD, Win10 Pro (4-5-8)",$2.75,from United States
Panasonic Toughbook Touchscreen CF-31 Intel i5 MK1 No Caddy / Hard drive / Pen,$179.99,from United States
New Listing2X Dell Latitude D630  Intel Core  4GB/160GB HDD Windows 7 Pro .,$120.00,from United States
"New ListingDell Vostro 3460, i3-3120M @ 2.5GHz, 4GB ram, 500GB HD, Win10 Pro (4-5-4)",$1.25,from United States
New ListingLot Of 3  Laptops Toshiba Hp For Parts Or Repair Read Add. MAKE OFFER,$80.00,from United States
Acer Nitro 5 AN517-41-R6U1 Gaming ryzen 7 5800H RTX 3060 16GB RAM is 1TB SSD 144Hz,"$1,202.14",from Germany
"Dell Chromebook 3120 11.6"" 11 Laptop Intel Celeron N2840 2.16GH 16GB SSD 4GB RAM",$49.95,from United States
Dell Latitude Laptop 15.4‚Äù HD Screen Intel 2.4GHz 4GB 1TB DVD-RW Windows 10 Pro,$174.99,from United States
"HP CHROMEBOOK G3 11.6"" WITH 4GB RAM CHROME OS WEBCAM HDMI NOTEBOOK CHEAP - C",$91.90,from United Kingdom
"Lenovo N22 11.6"" HD Google Chromebook Intel 16GB SSD Wifi Webcam Bluetooth Good",$49.99,from United States
New ListingDell Precision 7510 i7-6820HQ 2.70GHz 16GB 256+500GB Quadro Win10 UTS0053447,$250.00,from United States
"New ListingDell Latitude E7250 Intel i5 2.30GHz 16GB 256GB SSD 12.5"" Windows 11 Pro + Power",$219.00,from United States
New ListingLenovo ThinkPad 1st Gen X1 Yoga 14 Touch  i7-6600U 256GB SSD 16GB RAM Win 11 PRO,$275.00,from United States
New ListingDell Latitude E5420 Core i5-2430M 2.4GHz 8GB RAM 120GB SSD Win 10 PRO w/ Power,$119.99,from United States
"2021 Dell 14"" HD Laptop Intel i3-1005G1 (>i5-8250U),upto 3.4GHz 16GB RAM&1TB SSD",$399.00 to $609.00,from United States
"New ListingDell Vostro 3460, i3-3120M @ 2.5GHz, 4GB ram, 320GB HD, Win10 Pro (4-5-5)",$1.25,from United States
sony vaio duo11 svd1121apjb Core i3 1.80GHz/4GB/SSD64GB Windows 10 Pro,$260.00,from Japan
CHEAP LAPTOP HP INTEL DUAL CORE 4GB RAM 120GB SSD WINDOWS 7 WIFI DVD,$111.60,from United Kingdom
New ListingLot Of 3 Dell Laptops For Parts Or Repair Boot To Bios + Hard Drives  Make OFFER,$151.00,from United States
"NEW Samsung Galaxy Book Pro 360 13.3"" FHD Touch Laptop i7-1165G7 8GB 256GB",$749.98,from United States
"NEW in hand - Samsung Galaxy Book2 Pro 360 15.6"" i7-1260P 16GB 1TB Graphite","$1,699.00",from United States
New Listingpanasonic toughbook cf-c2,$185.00,from United States
"New ListingDell Vostro 3460, i3-3120M @ 2.5GHz, 4GB ram, 500GB HD, Win10 Pro (4-5-2)",$1.25,from United States
"New ListingDell Latitude E5430-14""-Intel Core i5@2.50 GHz-6GB-320 GB HDD-Windows 10 Pro",$129.99,from United States
New ListingDell E6420 XFR¬† WIN 11 Pro i5-252 2.80 8GB Ram 128 Gb SSD Backlit K¬† Battery ad,$200.00,from United States
New ListingDell Latitude Business Light Gaming Laptop Win 10 Intel Core i5 16GB RAM 2TB SSD,$359.99 to $759.99,from United States
"New ListingMicrosoft Surface Laptop 4 13.5"" Intel i5 11th Gen 512GB SSD 8GB RAM Ice Blue",$849.99,from United States
New ListingHP elitebook 820 G4,$200.00,from United States
"New ListingDell Latitude 7490 14"" Intel Core i7-8650U 1.9GHz 16GB RAM 500GB SSD",$339.99,from United States
"Lenovo N23 Chromebook Laptop 11.6"" Intel 1.6 GHz 4GB Ram Bluetooth WebCam HDMI",$124.99,from United States
"New ListingLibreboot Thinkpad T400 (SeaBIOS + Grub) 320GB HDD, 4GB RAM, 2.53GHz Latest 2021",$259.00,from United States
New ListingHP elitebook 820 G4,$200.00,from United States
"New ListingLibreboot Thinkpad T400 (SeaBIOS + Grub) 4GB RAM, 2.26GHz, Latest 2021",$199.00,from United States
New Listinghp envy 17.3 touchscreen laptop,$125.00,from United States
"New ListingNew Lenovo ideapad 5 15.6"" FHD i7-1065G7 8GB 256GB SSD Webcam FPReader Windows10",$599.00,from United States
New Listingasus zenbook ux431f,$375.00,from United States
New ListingDell Rugged E6420 XFR Core i5 @ 2.5GHZ  8GB 128 SSD WIN 10 PRO (Non-Touch),$339.99,from United States
New ListingDell Latitude 7390 i7-8650u 16GB 512GB SSD Win 11 FHD Touchscreen,$99.00,from United States
CHEAP FAST Mini Book Atom Laptop 2GB RAM 250GB HDD WINDOWS 7 Webcam Netbook WIFI,$72.20,from United Kingdom
Google Pixelbook i7 COA 512GB SSD 16GB RAM Touchscreen Chromebook TAB - Good,$389.99,from United States
Dell Latitude E6420 Laptop i5 256G ssd 8G W10P WEB cam Microsoft re-furbisher,$175.99,from United States
Dell Laptop Chromebook 11 3189 2 in 1 TouchScreen Intel N3060 32GB 4GB WIFI Good,$84.99,from United States
"BLACK Panasonic Toughbook CF-53  i5 2.5Ghz ‚Ä¢ 480GB SSD ‚Ä¢ 16GB ‚Ä¢ Backlit, Win10",$749.00,from Canada
New ListingDell Latitude 7290 i5-8350U@1.70GHz 16GB RAM 256GB SSD Win 10 | C1217,$249.99,from United States
New ListingLenovo Yoga Intel i7-4600U 2.1GHz 8GB DDR3 128GB SSD Win 10 Pro,$179.99,from United States
"New ListingLenovo ThinkPad L13 Gen 2 13.3"" FHD i5-1135G7 8GB 256GB SSD Webcam Windows10 2Yr",$629.00,from United States
HP Pavilion 15.6 Full-HD TouchScreen Intel Core i7 or i5 512GB SSD 8GB BT Laptop,$536.66 to $626.66,from United States
"New ListingLenovo IdeaPad 3 15"" Laptop, AMD 3250U, 4GB, 128GB SSD, Vega 3 ‚ÄéGPU, 81W10094US",$298.95,from United States
"New Listing13.3"" Dell Latitude 3380 Celeron 3865U 1.80GHZ 4GB 500GB HDD Win 10 Pro Notebook",$39.99,from United States
New ListingLenovo ThinkPad E560 i5-6200U @ 2.30GHz 8GB RAM 256GB SSD WIN 10 PRO,$130.00,from United States
"New ListingDell Latitude 15.6"" 32GB RAM 1TB SSD Intel Core i5 Windows 10 Pro",$725.00,from United States
New ListingHP EliteBook X360 1030 G2 i7-7600U 2.80GHz 8GB 512GB SSD WIN10 Webcam Laptop PC,$350.00,from United States
HP Chromebook 14 Laptop Intel 2955U 1.4GHz 4GB DDR3 16GB SSD WIFI Chrome OS HDMI,$69.95,from United States
New ListingDell Latitude 7480 i7-7600U 2.80GHz 8GB 256GB SSD WIN10 Touchscreen Laptop PC,$250.00,from United States
New ListingMSI GS65 Stealth Thin 8RF i7-8750H 32GB RAM 512 SSD 15.6 FHD GTX 1070 144Hz READ,$999.00,from United States
Acer Chromebook Spin 13 Touchscreen Intel i5-8250U 16GB 128GB SSD CP713-1WN-59KY,$284.99,from United States
"New ListingHP Pavilion DV9000 17"" Laptop AMD CPU 2GB RAM 100 + 80GB HDD",$10.00,from United States
"Lenovo ThinkPad L13 Gen 2 13.3"" FHD i7-1165G7 16GB 512GB SSD Webcam FPR 2Yr Wrty",$869.00,from United States
"New ListingLenovo ThinkPad L13 Gen 2 13.3"" FHD i5-1135G7 8GB 512GB SSD Cam FPReader 2Yr Wrt",$739.00,from United States
"New ListingMicrosoft Surface Pro 5 Tablet 12.3"" I5-7300 2.60GHZ 8 GB 256GB SSD Touchscreen",$209.99,from United States
"Used Lenovo Thinkpad T410, Windows 11 Pro 500GB SATA Hard Drive 8GB RAM  Laptop",$137.00,from United States
New ListingHP EliteBook 840 G4 - i7-7500U 2.70GHz - 16GB RAM - 500GB SATA - W10P,$299.99,from United States
"New ListingHP EliteBook 850 G4 15.6"" i5-7300U 2.6GHz 8GB RAM 256GB SSD Win10 UTS0088083",$170.00,from United States
"New ListingHP EliteBook 8770w 17.3"" (1TB HD, i5-3360M CPU @ 2.80GHz, 8GB RAM) Win 10 Pro",$200.00,from United States
New ListingLenovo ThinkPad T14s Gen 2 Laptop - i5 1135G7 - 8GB Ram - 256GB SSD - Warranty,"$1,149.95",from United States
"New ListingHP G70 laptop with Windows 10 17"" screen",$75.00,from United States
"Dell Chromebook 3120 11.6"" Celeron N2840 2.16GHz 4GB RAM 16GB SSD Laptop - Good",$48.99,from United States
FAST CHEAP LAPTOP INTEL CORE i3 8GB RAM 500GB HDD WINDOWS 10 WEBCAM Wi-Fi,$144.42,from United Kingdom
"Dell Chromebook 11 3180 11.6"" Laptop Intel Celeron N3060 2.5GHz 16GB SSD 4GB RAM",$15.99 to $59.99,from United States
BEST LAPTOP CHEAP FAST INTEL Core i5 8GB RAM 500GB HDD WINDOWS 10 WEBCAM Wi-Fi,$183.81,from United Kingdom
"Lenovo ThinkPad T560 15.6"" Intel Core i5-6300U 256GB SSD 12GB RAM Win 10 PRO",$285.00,from United States
"New ListingDell XPS 13 9310 Intel i7-1195G7 16GB 512GB SSD 13.4"" FHD+ Windows 11 Warranty","$1,149.00",from United States
"New ListingLenovo ThinkPad L14 Gen 2 14"" (Intel Core I7-1165G7, 16GB RAM, 476GB SSD) Win 10","$1,000.00",from United States
"Galaxy Book S 13.3"" 2020 FHD 2.8GHz Qualcomm Snapdragon 8cx 8GB 256GB SSD - Good",$439.99,from United States
New ListingDell Precision M4700 Quad i7-3920XM 20GB RAM 512GB SSD Windows 10 Quadro K2000M,$499.95,from United States
"Lenovo Thinkbook 14IIL 14"" FHD i5-1035G1 8GB 512GB SSD FPR Cam Win10Pro Warranty",$599.00,from United States
"Dell Latitude 5490 Laptop 14"" HD Display Intel Core i5 16GB RAM 256GB Windows 10",$399.00,from United States
"14"" Surf Onn LAPTOP 128GB SSD 4GB RAM BRAND NEW CLOSEOUT PRICE",$149.99,from United States
"Dell Latitude 3590 15.6‚Äù Laptop i3-6006U, 8GB RAM, 500GB HDD",$149.99,from United States
"New ListingSamsung Galaxy Book Flex2 Alpha 13"" Intel i5-1135G7 8GB 256GB NP730QDA-KB1US #1F",$499.95,from United States
New ListingLENOVO LAPTOP THINKPAD T530 i5  8GB RAM 128GB SSD+500GB HDD GAMING-HOME-WORK,$289.00,from United States
"New ListingDell Latitude 7490 14"" Intel i5-8350U 1.7GHz 16GB DDR4 256GB SSD Fair No COA",$279.99,from United States
New ListingNICE! LENOVO THINKPAD T420 i5 8GB RAM 500GB HDD WINDOWS 10 PRO.,$249.99,from United States
Lenovo ThinkPad T15 2nd Gen 2 15.6 FHD i5-1135G7 16GB 512GB Win10P FPReader Wnty,"$1,099.00",from United States
New ListingPanasonic ToughBook CF-31 MK5 i5-5300U 2.30GHz 8GB 256GB SSD GPS WWLAN 21660hrs,$319.99,from United States
"New ListingMSI Creator 15 A11UE i7-11800H 16GB RAM 512GB SSD 15.6"" 4K UHD OLED RTX 3060","$1,399.99",from United States
"New ListingDell Latitude 5490 14"" Touch Intel Core i5-7300U 2.60GHz 8GB RAM 256GB SSD",$239.99,from United States
New ListingMSI Prestige 15 A12UD-010 15.6 inch Intel Core i7-1260P 1.5-4.7GHz/ 32GB,"$1,999.99",from United States
New ListingDELL LATITUDE 5590 15.6 INTEL i5-8250U 1.60GHz 4GB RAM 120GB SSD WINDOWS 11 PRO,$249.00,from United States
"New ListingDell Latitude E5420 14"" i5 2520M 2.50GHz 4GB 320GB Win 10 Laptop w/ ac adapter",$125.00,from United States
New ListingMicrosoft Surface Book 1703 13.5 3K2K Touch i5-6300U 2.4GHz 8GB 256GB NVMe Win10,$469.99,from United States
New ListingDell Inspiron 3583 Intel i3-8145U-2.1GHz 8GB DDR4 128GB SSD Win 10 Home,$249.99,from United States
"Dell Latitude 5480 14inch(256GB,Intel Core i5-6300U 2.4GHz,8GB RAM)Laptop-Black",$100.00,from United States
"Google Pixelbook Go 13.3"" Not Pink 1.5GHz i7-8500Y 16GB 256GB - Good Condition",$637.99,from United States
"New ListingDell XPS 15 9575 15.6"" UHD 4K Touch I7-8705G 1TB SSD 16GB W10 Radeon RX Vega",$791.99,from United States
"New ListingLenovo ThinkPad P15s Gen 1 Laptop 15.6"" i7-10510U 8GB RAM 256GB SSD Win 10 Pro","$1,149.95",from United States
"New ListingHP ProBook 11 G2 11.6"" Laptop Intel Core i3-6100U 2.30GHz 8GB RAM 128GB SSD #4",$59.99,from United States
Dell Latitude E6540 Quad i7-4810MQ 2.80GHz 16GB 250GB SSD Win 10 Pro 2G HD 8790M,$289.95,from United States
